{"cameraMode":{"drawMode":0,"name":"Shaded","section":"Shading Mode"},"sceneLighting":true,"audioPlay":false,"sceneViewState":{"showFog":true,"showMaterialUpdate":false,"showSkybox":true,"showFlares":true,"showImageEffects":true,"showParticleSystems":true},"in2DMode":false,"pivot":{"x":40.607505798339847,"y":61.86248779296875,"z":-45.62458801269531},"rotation":{"x":0.5447407364845276,"y":0.3064740300178528,"z":-0.22314077615737916,"w":0.7480515837669373},"size":598.054931640625,"orthographic":false}