{"cameraMode":{"drawMode":0,"name":"Shaded","section":"Shading Mode"},"sceneLighting":true,"audioPlay":false,"sceneViewState":{"showFog":true,"showMaterialUpdate":false,"showSkybox":true,"showFlares":true,"showImageEffects":true,"showParticleSystems":true},"in2DMode":false,"pivot":{"x":-3.7161827087402345,"y":-52.291900634765628,"z":-163.1765594482422},"rotation":{"x":-0.5589182376861572,"y":-0.13125015795230866,"z":0.09014309197664261,"w":-0.8138049244880676},"size":516.5861206054688,"orthographic":false}